Origem,Status,Chegada,Campanha,Nome,Contato,H.Preferencial,Email,1ª Ligação,2ª Ligação,3ª Ligação,Anotações,Conversão
Facebook / Insta,Marcada,"01/01/2026, 00:32:06",Geral,Jane Doe,351999111222,9 às 13h,janedoe@gmail.com,2026/01/09 12:00:00,2026/01/09 18:00:00,,n atendeu/ maracção 20/01  14h,7496
Facebook / Insta,Não Atendeu,"01/01/2026, 02:29:45",Geral,Jane Doe,351999111222,9 às 13h,janedoe@gmail.com,2026/01/09 12:00:00,2026/01/09 18:00:00,,N atendeu,
Facebook / Insta,Perdida,"01/01/2026, 08:37:56",Implantes,Jane Doe,351999111222,14 às 18h,janedoe@gmail.com,2026/01/09 18:00:00,,,"Trabalha no estrageiro, so regressa em Abril. dp marca",
Facebook / Insta,Não Atendeu,"1/1/2026, 12:35:46",Implantes,Jane Doe,351999111222,9 às 13h,janedoe@gmail.com,2026/01/16 13:00:00,,,N ATENDEU,
Facebook / Insta,Pendente,"1/1/2026, 15:11:48",Geral,Jane Doe,351999111222,13 às 14h,janedoe@gmail.com,,,,,
Facebook / Insta,Não Atendeu,"1/1/2026, 20:27:23",Geral,Jane Doe,351999111222,14 às 18h,janedoe@gmail.com,2026/01/05 17:00:00,,,N ATENDEU,
Facebook / Insta,Marcada,"1/1/2026, 20:58:25",Implantes,Jane Doe,351999111222,18 às 20h,janedoe@gmail.com,01/05 17:30,,,MARCAÇÃO 12/02  15H,9672
Facebook / Insta,Pendente,"1/1/2026, 21:15:19",Implantes,Jane Doe,351999111222,13 às 14h,janedoe@gmail.com,,,,,
Facebook / Insta,Pendente,"2/1/2026, 07:03:03",Geral,Jane Doe,351999111222,9 às 13h,janedoe@gmail.com,,,,,
Google / Site,Pendente,"2/1/2026, 07:04:16",Geral,Jane Doe,351999111222,9 às 13h,janedoe@gmail.com,,,,,
Google / Site,Marcada,"2/1/2026, 15:21:18",Geral,Jane Doe,351999111222,14 às 18h,janedoe@gmail.com,2026/01/05 17:30:00,,,MARCAÇÃO 14/01 11H,3993
Facebook / Insta,Andamento,"2/1/2026, 21:39:29",Geral,Jane Doe,351999111222,13 às 14h,janedoe@gmail.com,2026/01/16 14:00:00,,,VAI LIGAR A MARCAR,
Facebook / Insta,Não Atendeu,"3/1/2026, 02:34:07",Geral,Jane Doe,351999111222,18 às 20h,janedoe@gmail.com,2026/01/05 18:00:00,,,TLM DESLIGADO,
Facebook / Insta,Não Atendeu,"3/1/2026, 11:51:08",Geral,Jane Doe,351999111222,14 às 18h,janedoe@gmail.com,2026/01/05 18:00:00,,,OCUPADO,
Facebook / Insta,Perdida,"3/1/2026, 13:29:35",Implantes,Jane Doe,351999111222,18 às 20h,janedoe@gmail.com,2026/01/05 14:00:00,2026/01/19 19:00:00,,desligou,
Facebook / Insta,Marcada,"3/1/2026, 14:01:03",Implantes,Jane Doe,351999111222,14 às 18h,janedoe@gmail.com,2026/01/05 18:00:00,,,MARCAÇÃO 12/01 - 12H,5731
Facebook / Insta,Não Atendeu,"3/1/2026, 14:07:24",Geral,Jane Doe,351999111222,14 às 18h,janedoe@gmail.com,2026/01/05 18:00:00,,,N ATENDEU,
Facebook / Insta,Marcada,"3/1/2026, 15:29:35",Geral,Jane Doe,351999111222,13 às 14h,janedoe@gmail.com,2026/01/06 19:00:00,,,mARCAÇÃO 13/01 15.30,1772
Facebook / Insta,Pendente,"3/1/2026, 17:17:07",Implantes,Jane Doe,351999111222,18 às 20h,janedoe@gmail.com,,,,,
Facebook / Insta,Marcada,"3/1/2026, 17:28:36",Geral,Jane Doe,351999111222,9 às 13h,janedoe@gmail.com,2026/01/06 18:00:00,,,maRCAÇÃO 08/01  17H,7007
Google / Site,Email,"3/1/2026, 17:38:54",Geral,Jane Doe,351999111222,13 às 14h,janedoe@gmail.com,2026/01/06 18:00:00,,,enviei email,
Facebook / Insta,Andamento,"4/1/2026, 01:45:04",Geral,Jane Doe,351999111222,9 às 13h,janedoe@gmail.com,2026/01/06 12:00:00,,,"de loures, trabalha das 12-22, vai ver a folga da proxima semana e dp liga  amarcar",
Facebook / Insta,Marcada,"4/1/2026, 08:04:11",Implantes,Jane Doe,351999111222,9 às 13h,janedoe@gmail.com,2026/01/06 18:00:00,,,MARCAÇÃO 13/01 18H,1083
Google / Site,Marcada,"4/1/2026, 08:07:26",Geral,Jane Doe,351999111222,9 às 13h,janedoe@gmail.com,2026/01/06 18:00:00,,,MARCAÇÃO 13/01 18H,4768
Facebook / Insta,Andamento,"4/1/2026, 12:05:28",Geral,Jane Doe,351999111222,14 às 18h,janedoe@gmail.com,2026/01/05 18:00:00,,,"FICOU COM O NUMERO, DP MARCA",
Facebook / Insta,Andamento,"4/1/2026, 13:41:51",Geral,Jane Doe,351999111222,13 às 14h,janedoe@gmail.com,2026/01/06 14:00:00,,,enviei msg com contacto para dp marcar. da margem sul.,
Facebook / Insta,Marcada,"4/1/2026, 14:25:10",Implantes,Jane Doe,351999111222,9 às 13h,janedoe@gmail.com,2026/01/06 18:00:00,,,MArcação 08/01 - 16.30,9889
Facebook / Insta,Paciente,"4/1/2026, 15:55:29",Implantes,Jane Doe,351999111222,13 às 14h,janedoe@gmail.com,,,,,
Facebook / Insta,Não Atendeu,"4/1/2026, 16:43:53",Implantes,Jane Doe,351999111222,18 às 20h,janedoe@gmail.com,2026/01/05 18:00:00,,,N ATENDEU,
Google / Site,Paciente,"4/1/2026, 17:44:57",Geral,Jane Doe,351999111222,9 às 13h,janedoe@gmail.com,,,,,
Facebook / Insta,Marcada,"15/1/2026, 21:26:06",Implantes,Jane Doe,351999111222,13 às 14h,janedoe@gmail.com,2026/01/16 18:30:00,,,marcação 29/01  16h,9634
Facebook / Insta,Perdida,"15/1/2026, 21:59:52",Geral,Jane Doe,351999111222,18 às 20h,janedoe@gmail.com,2026/01/16 19:00:00,,,diz q n pediu nada,
Facebook / Insta,Marcada,"15/1/2026, 22:48:25",Geral,Jane Doe,351999111222,9 às 13h,janedoe@gmail.com,2026/01/16 12:00:00,,,marcação 20/01 14:30,4473
Facebook / Insta,Perdida,"16/1/2026, 00:04:40",Geral,Jane Doe,351999111222,14 às 18h,janedoe@gmail.com,2026/01/16 19:00:00,,,perda,
Facebook / Insta,Perdida,"16/1/2026, 00:27:12",Implantes,Jane Doe,351999111222,14 às 18h,janedoe@gmail.com,2026/01/16 18:00:00,2026/01/19 15:30:00,,"ligae segunda da parte da tarde/ MORA LONG, N QUER",
Facebook / Insta,Não Atendeu,"16/1/2026, 00:31:48",Implantes,Jane Doe,351999111222,14 às 18h,janedoe@gmail.com,2026/01/16 18:00:00,,,n atendeu,
Facebook / Insta,Não Atendeu,"16/1/2026, 00:57:27",Geral,Jane Doe,351999111222,18 às 20h,janedoe@gmail.com,2026/01/16 19:00:00,,,n atendeu,
Facebook / Insta,Andamento,"16/1/2026, 03:12:26",Implantes,Jane Doe,351999111222,13 às 14h,janedoe@gmail.com,2026/01/16 14:00:00,,,"Quer fazer facetas, tem nome no BP, segunda ligar a agendar para vir. dp arranja familiar para financiar. falei me -+ 450 cada total +- 9000€.",
Facebook / Insta,Não Atendeu,"16/1/2026, 07:33:38",Geral,Jane Doe,351999111222,18 às 20h,janedoe@gmail.com,2026/01/16 19:30:00,,,ocupado,
Facebook / Insta,Perdida,"16/1/2026, 08:00:55",Implantes,Jane Doe,351999111222,13 às 14h,janedoe@gmail.com,2026/01/16 14:00:00,,,"desligou qd me identifiquei, n voltou a atender",
Facebook / Insta,Não Atendeu,"16/01/2026, 11:20:29",Geral,Jane Doe,351999111222,18 às 20h,janedoe@gmail.com,2026/01/16 19:50:00,,,n atendeu,
Facebook / Insta,Paciente,"16/01/2026, 11:36:48",Geral,Jane Doe,351999111222,14 às 18h,janedoe@gmail.com,,,,,
Facebook / Insta,Perdida,"17/01/2026, 07:36:49",Implantes,Jane Doe,351999111222,18 às 20h,janedoe@gmail.com,2026/01/19 19:00:00,,,"Preço para fixas, achou mto caro, perda",
Facebook / Insta,Marcada,"17/01/2026, 12:23:59",Implantes,Jane Doe,351999111222,18 às 20h,janedoe@gmail.com,2026/01/19 19:00:00,,,MArcação 23/01  19h,884
Google / Site,Não Atendeu,"17/01/2026, 13:24:13",Geral,Jane Doe,351999111222,9 às 13h,janedoe@gmail.com,2026/01/19 12:00:00,,,Não atendeu,
Facebook / Insta,Perdida,"17/01/2026, 17:02:13",Geral,Jane Doe,351999111222,9 às 13h,janedoe@gmail.com,2026/01/19 12:00:00,,,"Quer clinica na ,margem sul",
Facebook / Insta,Não Atendeu,"17/01/2026, 18:35:12",Implantes,Jane Doe,351999111222,18 às 20h,janedoe@gmail.com,2026/01/19 19:00:00,,,n atendeu,
Facebook / Insta,Não Atendeu,"17/01/2026, 19:21:55",Geral,Jane Doe,351999111222,18 às 20h,janedoe@gmail.com,2026/01/19 19:00:00,,,N atendeu,
Facebook / Insta,Marcada,"17/01/2026, 20:38:57",Implantes,Jane Doe,351999111222,13 às 14h,janedoe@gmail.com,2026/01/19 14:00:00,,,MArcação 27/01  14h,2628
Facebook / Insta,Pendente,"17/01/2026, 20:44:22",Implantes,Jane Doe,351999111222,18 às 20h,janedoe@gmail.com,,,,,
Facebook / Insta,Não Atendeu,"17/01/2026, 21:25:46",Geral,Jane Doe,351999111222,18 às 20h,janedoe@gmail.com,2026/01/19 18:00:00,,,n atendeu,
Facebook / Insta,Marcada,"17/01/2026, 23:57:56",Geral,Jane Doe,351999111222,14 às 18h,janedoe@gmail.com,2026/01/19 15:00:00,,,Marcação 21/01  14h,995
Facebook / Insta,Andamento,"18/01/2026, 00:44:50",Geral,Jane Doe,351999111222,13 às 14h,janedoe@gmail.com,2026/01/19 13:40:00,,,"Atendeu n se ouvia, voltei a ligar e n atendeu.",
Facebook / Insta,Não Atendeu,"18/01/2026, 08:35:37",Implantes,Jane Doe,351999111222,14 às 18h,janedoe@gmail.com,2026/01/19 14:50:00,2026/01/19 18:00:00,,n atendeu,
Google / Site,Não Atendeu,"18/01/2026, 08:36:07",Geral,Jane Doe,351999111222,9 às 13h,janedoe@gmail.com,2026/01/19 15:00:00,,,n atendeu,
Facebook / Insta,Perdida,"18/01/2026, 08:48:11",Geral,Jane Doe,351999111222,13 às 14h,janedoe@gmail.com,2026/01/19 13:30:00,,,Desligou a chamada qd me identifiquei e qd voltei a ligar n atendeu.,
Facebook / Insta,Andamento,"18/01/2026, 15:47:21",Implantes,Jane Doe,351999111222,18 às 20h,janedoe@gmail.com,2026/01/19 18:30:00,,,"Vive em Vilamoura, que fazer implantes, pretende financiar. vai ver qd vem a Lisboa e agenda",
Facebook / Insta,Marcada,"18/01/2026, 18:19:38",Geral,Jane Doe,351999111222,13 às 14h,janedoe@gmail.com,2026/01/19 14:00:00,,,MArcação 20/01 14:30,5662
Facebook / Insta,Não Atendeu,"18/01/2026, 18:31:25",Implantes,Jane Doe,351999111222,13 às 14h,janedoe@gmail.com,2026/01/19 13:30:00,2026/01/19 18:00:00,,n atendeu,
Facebook / Insta,Marcada,"18/01/2026, 21:13:41",Geral,Jane Doe,351999111222,14 às 18h,janedoe@gmail.com,2026/01/19 14:30:00,,,MArcação 23/01 17h,7441
Facebook / Insta,Andamento,"18/01/2026, 22:28:53",Implantes,Jane Doe,351999111222,18 às 20h,janedoe@gmail.com,2026/01/19 18:00:00,,,"n tem horário, ligar amanha, quer implante.",
Facebook / Insta,Não Atendeu,"19/01/2026, 06:57:49",Implantes,Jane Doe,351999111222,13 às 14h,janedoe@gmail.com,2026/01/19 13:30:00,2026/01/19 18:00:00,,n atendeu,
Facebook / Insta,Marcada,"19/01/2026, 12:12:11",Implantes,Jane Doe,351999111222,9 às 13h,janedoe@gmail.com,2026/01/19 12:00:00,,,Marcação 20/01 14h,1139
Google / Site,Marcada,"19/01/2026, 12:12:54",Geral,Jane Doe,351999111222,9 às 13h,janedoe@gmail.com,2026/01/19 12:00:00,,,Marcação 20/01 14h,7364
Facebook / Insta,Andamento,"19/1/2026, 21:16:59",Geral,Jane Doe,351999111222,13 às 14h,janedoe@gmail.com,2026/01/20 13:20:00,2026/01/22 13:30:00,,"Não atendeu/ 22/01 - estava no hospital, marido acabou de ter avc",
Facebook / Insta,Marcada,"19/1/2026, 21:22:55",Geral,Jane Doe,351999111222,18 às 20h,janedoe@gmail.com,2026/01/20 18:00:00,,,MARCAÇÃO 21/01 15H,1491
Facebook / Insta,Não Atendeu,"19/1/2026, 22:00:00",Implantes,Jane Doe,351999111222,14 às 18h,janedoe@gmail.com,2026/01/20 18:00:00,,,TLM DESLIGADO,
Facebook / Insta,Marcada,"20/1/2026, 10:43:36",Implantes,Jane Doe,351999111222,14 às 18h,janedoe@gmail.com,2026/01/20 18:00:00,,,MARCAÇOA 22/01  16H,9436
Facebook / Insta,Andamento,"20/1/2026, 12:42:22",Geral,Jane Doe,351999111222,9 às 13h,janedoe@gmail.com,2026/01/20 12:30:00,,,"De Grandula, diz q vai ver qd marca parta cá vir, diz q tem de comprar bilhete para lisboa, dp fazer avaliação e ver qt fica a pagar por mes.",
Facebook / Insta,Não Atendeu,"21/1/2026, 00:07:28",Implantes,Jane Doe,351999111222,9 às 13h,janedoe@gmail.com,2026/01/21 12:00:00,,,"Não atendeu, enviei msg",
Facebook / Insta,Não Atendeu,"21/1/2026, 01:27:43",Geral,Jane Doe,351999111222,18 às 20h,janedoe@gmail.com,2026/01/21 13:00:00,2026/01/21 19:00:00,,tlm desligado,
Facebook / Insta,Não Atendeu,"21/1/2026, 14:14:25",Geral,Jane Doe,351999111222,13 às 14h,janedoe@gmail.com,2026/01/22 13:30:00,2026/01/22 19:00:00,,"a trabalhar, ligar as 19/ n atendeu",
Facebook / Insta,Não Atendeu,"21/1/2026, 20:14:00",Geral,Jane Doe,351999111222,13 às 14h,janedoe@gmail.com,2026/01/22 13:30:00,2026/01/23 13:00:00,,Não atendeu,
Facebook / Insta,Não Atendeu,"21/1/2026, 20:31:45",Implantes,Jane Doe,351999111222,18 às 20h,janedoe@gmail.com,2026/01/22 18:50:00,2026/01/23 19:00:00,,n atendeu,
Facebook / Insta,Não Atendeu,"22/1/2026, 18:52:20",Geral,Jane Doe,351999111222,9 às 13h,janedoe@gmail.com,2026/01/23 12:00:00,,,DESLIGADO,
Facebook / Insta,Não Atendeu,"23/1/2026, 22:36:32",Implantes,Jane Doe,351999111222,13 às 14h,janedoe@gmail.com,2026/01/26 13:30:00,,,TLM DESLIGADO,
Facebook / Insta,Não Atendeu,"23/1/2026, 22:46:52",Implantes,Jane Doe,351999111222,14 às 18h,janedoe@gmail.com,2026/01/26 17:00:00,,,N ATENDEU,
Facebook / Insta,Marcada,"23/1/2026, 23:11:40",Geral,Jane Doe,351999111222,9 às 13h,janedoe@gmail.com,2026/01/26 12:00:00,2026/01/27 18:00:00,,TLM DESLIGADO/ MARCAÇÃO 28/01  14H,1255
Google / Site,Perdida,"23/1/2026, 23:12:58",Geral,Jane Doe,351999111222,Das 9 às 13h,janedoe@gmail.com,2026/01/26 12:00:00,2026/01/26 18:00:00,2026/01/27 12:00:00,N ATENDEU/ tlm desligado,
Facebook / Insta,Não Atendeu,"24/1/2026, 01:06:37",Implantes,Jane Doe,351999111222,14 às 18h,janedoe@gmail.com,2026/01/26 18:00:00,,,N ATENDEU,
Facebook / Insta,Andamento,"24/1/2026, 01:06:55",Implantes,Jane Doe,351999111222,14 às 18h,janedoe@gmail.com,2026/01/26 17:00:00,,,LIGAR AMANHA APOS AS 14H,
Facebook / Insta,Perdida,"24/1/2026, 17:14:33",Geral,Jane Doe,351999111222,18 às 20h,janedoe@gmail.com,2026/01/26 19:00:00,,,DIZ Q N ENVIOU NADA,
Facebook / Insta,Pendente,"24/1/2026, 17:40:16",Implantes,Jane Doe,351999111222,9 às 13h,janedoe@gmail.com,,,,,
Facebook / Insta,Não Atendeu,"24/1/2026, 19:34:21",Implantes,Jane Doe,351999111222,9 às 13h,janedoe@gmail.com,2026/01/26 12:00:00,2026/01/27 13:30:00,,PEDIU PARA LIGAR AMANHA POR VOLTA DAS 11H/ m atendeu,
Facebook / Insta,Perdida,"24/1/2026, 22:26:59",Implantes,Jane Doe,351999111222,13 às 14h,janedoe@gmail.com,2026/01/26 12:00:00,,,qUER SO COM SEGURO E N TEM MEDICARE.,
Facebook / Insta,Andamento,"25/1/2026, 07:23:53",Geral,Jane Doe,351999111222,13 às 14h,janedoe@gmail.com,2026/01/26 13:30:00,,,"VAI VER COM PATRÃO PARA QDO A FOLGA, DP MARCA. QUERIA PREFERENCIALMENTE AO SABADO",
Facebook / Insta,Marcada,"25/1/2026, 12:44:06",Geral,Jane Doe,351999111222,14 às 18h,janedoe@gmail.com,2026/01/26 18:00:00,,,27/01 12:30,8014
Facebook / Insta,Perdida,"25/1/2026, 20:01:50",Geral,Jane Doe,351999111222,9 às 13h,janedoe@gmail.com,2026/01/26 12:00:00,2026/01/26 18:00:00,2026/01/27 12:00:00,"estava sempre a cair a chamada, hj desligou qd me apresentei.",
Facebook / Insta,Perdida,"25/1/2026, 21:08:22",Geral,Jane Doe,351999111222,18 às 20h,janedoe@gmail.com,2026/01/26 19:00:00,,,"QUER CONSULTA GRATUITA, VAI BUSCAR RX NA OUTRA CLINICA PARA N PAGAR AQUI OS 20e",
Facebook / Insta,Não Atendeu,"26/1/2026, 12:57:21",Implantes,Jane Doe,351999111222,18 às 20h,janedoe@gmail.com,2026/01/27 19:00:00,,,N ATENDEU,
Facebook / Insta,Não Atendeu,"26/1/2026, 15:09:13",Geral,Jane Doe,351999111222,14 às 18h,janedoe@gmail.com,2026/01/27 17:30:00,,,TLM DESLIGADO,
Facebook / Insta,Não Atendeu,"26/1/2026, 17:41:45",Implantes,Jane Doe,351999111222,14 às 18h,janedoe@gmail.com,2026/01/27 18:00:00,,,N ATENDEU,
Facebook / Insta,Não Atendeu,"26/1/2026, 22:38:38",Geral,Jane Doe,351999111222,13 às 14h,janedoe@gmail.com,2026/01/27 13:00:00,,,N ATENDEU,
Facebook / Insta,Perdida,"27/1/2026, 09:28:01",Implantes,Jane Doe,351999111222,18 às 20h,janedoe@gmail.com,2026/01/27 18:40:00,,,ACHOU MTO CARO P PREÇO POR ARCADA.,
Facebook / Insta,Não Atendeu,"27/1/2026, 11:14:20",Geral,Jane Doe,351999111222,14 às 18h,janedoe@gmail.com,2026/01/27 18:00:00,,,N ATENDEU,
Facebook / Insta,Não Atendeu,"27/1/2026, 19:07:11",Geral,Jane Doe,351999111222,13 às 14h,janedoe@gmail.com,2026/01/28 13:00:00,,,n atendeu,
Facebook / Insta,Não Atendeu,"27/1/2026, 19:14:33",Implantes,Jane Doe,351999111222,9 às 13h,janedoe@gmail.com,2026/01/28 12:00:00,,,tlm desligado,
Facebook / Insta,Perdida,"27/1/2026, 19:39:07",Geral,Jane Doe,351999111222,18 às 20h,janedoe@gmail.com,2026/01/29 19:00:00,,,n atendeu/ LIGOU E DIZ Q N PEDIU NADA,
Facebook / Insta,Marcada,"28/1/2026, 00:43:28",Geral,Jane Doe,351999111222,14 às 18h,janedoe@gmail.com,2026/01/29 18:00:00,,,Marcação 03/02  12:30,4830
Facebook / Insta,Não Atendeu,"28/1/2026, 08:28:08",Geral,Jane Doe,351999111222,18 às 20h,janedoe@gmail.com,2026/01/29 19:00:00,,,N ATENDEU,
Facebook / Insta,Não Atendeu,"28/1/2026, 10:40:43",Geral,Jane Doe,351999111222,14 às 18h,janedoe@gmail.com,2026/01/29 18:00:00,,,não atendeu,
Facebook / Insta,Marcada,"28/1/2026, 10:42:06",Implantes,Jane Doe,351999111222,9 às 13h,janedoe@gmail.com,2026/01/29 12:00:00,,,,738
Facebook / Insta,Não Atendeu,"28/1/2026, 11:17:16",Geral,Jane Doe,351999111222,9 às 13h,janedoe@gmail.com,2026/01/28 12:00:00,2026/01/29 12:00:00,,ligar amanha/ tlm desligado,
Facebook / Insta,Andamento,"28/1/2026, 17:30:48",Geral,Jane Doe,351999111222,18 às 20h,janedoe@gmail.com,2026/01/29 19:00:00,,,"AFRICANO DA MARGEM SUL, TRABALHA NA MARGEM SUL, DP MARCA PARA FAZER LIMPEZA",
Facebook / Insta,Marcada,"28/1/2026, 17:35:07",Implantes,Jane Doe,351999111222,9 às 13h,janedoe@gmail.com,2026/01/29 12:00:00,2026/01/29 17:30:00,,n atendeu/ marcaçao 03/02  11:30,6572
Facebook / Insta,Não Atendeu,"29/1/2026, 00:07:21",Geral,Jane Doe,351999111222,18 às 20h,janedoe@gmail.com,2026/01/29 19:00:00,,,N ATENDEU,
Facebook / Insta,Perdida,"29/1/2026, 07:07:50",Geral,Jane Doe,351999111222,18 às 20h,janedoe@gmail.com,2026/01/29 18:00:00,,,"africano, quer saber valores de limpeza, queria ao sabado. ficou de ver horário e dp manda msg .",
Facebook / Insta,Pendente,"29/1/2026, 20:14:07",Geral,Jane Doe,351999111222,13 às 14h,janedoe@gmail.com,,,,,
Facebook / Insta,Pendente,"30/1/2026, 11:02:20",Implantes,Jane Doe,351999111222,18 às 20h,janedoe@gmail.com,,,,,
Facebook / Insta,Pendente,"30/1/2026, 11:30:28",Geral,Jane Doe,351999111222,9 às 13h,janedoe@gmail.com,,,,,
Facebook / Insta,Pendente,"30/1/2026, 19:44:09",Geral,Jane Doe,351999111222,18 às 20h,janedoe@gmail.com,,,,,
Facebook / Insta,Pendente,"30/1/2026, 21:03:02",Geral,Jane Doe,351999111222,18 às 20h,janedoe@gmail.com,,,,,
Facebook / Insta,Pendente,"30/1/2026, 21:49:19",Geral,Jane Doe,351999111222,13 às 14h,janedoe@gmail.com,,,,,
Facebook / Insta,Pendente,"31/1/2026, 13:42:09",Geral,Jane Doe,351999111222,13 às 14h,janedoe@gmail.com,,,,,
Facebook / Insta,Pendente,"31/1/2026, 17:34:53",Geral,Jane Doe,351999111222,13 às 14h,janedoe@gmail.com,,,,,
Facebook / Insta,Pendente,"31/1/2026, 20:06:04",Geral,Jane Doe,351999111222,13 às 14h,janedoe@gmail.com,,,,,
Facebook / Insta,Pendente,"31/1/2026, 22:34:45",Geral,Jane Doe,351999111222,14 às 18h,janedoe@gmail.com,,,,,
Facebook / Insta,Marcada,"01/12/2025, 01:52:58",Harmonização,Jane Doe,351999111222,18 às 20h,janedoe@gmail.com,2025/12/02 19:00:00,,,MArcaçao 22/12 16h n é harmonização,651
Facebook / Insta,Perdida,"1/12/2025, 12:29:25",Harmonização,Jane Doe,351999111222,9 às 13h,janedoe@gmail.com,2025/12/04 12:50:00,,,Diz n ter feito nenhum pedido de contacto,
Facebook / Insta,Perdida,"1/12/2025, 16:03:35",Harmonização,Jane Doe,351999111222,18 às 20h,janedoe@gmail.com,2025/12/02 19:57:00,,,diz q n mandou nada,
Facebook / Insta,Não Atendeu,"1/12/2025, 21:00:28",Harmonização,Jane Doe,351999111222,18 às 20h,janedoe@gmail.com,2025/12/02 19:57:00,,,tlm desligado,
Facebook / Insta,Não Atendeu,"1/12/2025, 21:33:26",Harmonização,Jane Doe,351999111222,9 às 13h,janedoe@gmail.com,2025/12/04 12:30:00,,,n atendeu,
Facebook / Insta,Perdida,"1/12/2025, 21:48:40",Harmonização,Jane Doe,351999111222,9 às 13h,janedoe@gmail.com,2025/12/04 12:40:00,,,"Queria saber preço de protese fixa sup e inf, dei 10k. com mensalidade sem juros. diz q dp marca, se tiver interesse.",
Facebook / Insta,Não Atendeu,"1/12/2025, 22:48:34",Harmonização,Jane Doe,351999111222,14 às 18h,janedoe@gmail.com,2025/12/02 19:20:00,,,N atendeu,
Facebook / Insta,Perdida,"1/12/2025, 23:00:27",Geral,Jane Doe,351999111222,9 às 13h,janedoe@gmail.com,2025/12/04 12:52:00,,,"Já tinha marcado e falto a 23/10, liguei e qd me identifiquei desligou. n voltou a atender.",
Facebook / Insta,Não Atendeu,"2/12/2025, 02:38:21", ,Jane Doe,351999111222,13 às 14h,janedoe@gmail.com,2025/12/04 13:30:00,2025/12/05 13:30:00,,N atendeu,
Facebook / Insta,Perdida,"2/12/2025, 06:11:54",Harmonização,Jane Doe,351999111222,9 às 13h,janedoe@gmail.com,12/04 12:31,2025/12/05 13:00:00,,"N atendeu/ Do Algarve, brasileiro diz q 1000€ o implante é mto caro",
Facebook / Insta,Andamento,"2/12/2025, 13:05:12",Harmonização,Jane Doe,351999111222,13 às 14h,janedoe@gmail.com,12/04 13:15,,,"Harmonização, a sua médica está mto cara, quer outra, quer tirar rugas abaixo do nariz. n marcou, mas diz q do marca.",
Facebook / Insta,Andamento,"2/12/2025, 14:47:26",Harmonização,Jane Doe,351999111222,13 às 14h,janedoe@gmail.com,12/04 12:40,,,enviado sms,
Facebook / Insta,Não Atendeu,"2/12/2025, 15:33:14",Harmonização,Jane Doe,351999111222,9 às 13h,janedoe@gmail.com,04/12 12:41,12/05 13:00,,N atendeu/ mecânico pediu para lhe ligar no sabado,
Facebook / Insta,Não Atendeu,"2/12/2025, 20:54:42",Harmonização,Jane Doe,351999111222,9 às 13h,janedoe@gmail.com,12/04 12:44,,,Ocupado/ OCUPADO,
Facebook / Insta,Não Atendeu,"2/12/2025, 23:46:40",Geral,Jane Doe,351999111222,18 às 20h,janedoe@gmail.com,2025/12/04 19:13:00,,,n atendeu,
Facebook / Insta,Não Atendeu,"3/12/2025, 09:11:29",Harmonização,Jane Doe,351999111222,18 às 20h,janedoe@gmail.com,2025/12/04 19:13:00,,,ligar amanha,
Facebook / Insta,Email,"3/12/2025, 18:18:10",Harmonização,Jane Doe,351999111222,14 às 18h,janedoe@gmail.com,,,,sem contacto,
Facebook / Insta,Perdida,"3/12/2025, 20:45:45",Geral,Jane Doe,351999111222,14 às 18h,janedoe@gmail.com,2025/12/04 17:18:00,12/05 17:50,12/05 18:39,n atendeu/ n atendeu/ ligou qd me identifiquei desligou. n atendeu mais,
Facebook / Insta,Marcada,"3/12/2025, 21:28:35",Geral,Jane Doe,351999111222,9 às 13h,janedoe@gmail.com,12/04 12:52,,,Ligar mais tarde/ MArcação 09/12 11h,1893
Facebook / Insta,Andamento,"3/12/2025, 22:25:06",Harmonização,Jane Doe,351999111222,18 às 20h,janedoe@gmail.com,2025/12/04 19:10:00,,,"Quer saber valores, dp liga",
Facebook / Insta,Não Atendeu,"3/12/2025, 23:08:06",Harmonização,Jane Doe,351999111222,9 às 13h,janedoe@gmail.com,12/04 12:50,2025/12/05 12:00:00,,N atendeu,
Facebook / Insta,Não Atendeu,"3/12/2025, 23:19:43",Harmonização,Jane Doe,351999111222,18 às 20h,janedoe@gmail.com,2025/12/04 19:00:00,12/05 18:35,,n atendeu/ pediu para ligar amanha,
Facebook / Insta,Perdida,"4/12/2025, 00:36:20",Geral,Jane Doe,351999111222,14 às 18h,janedoe@gmail.com,12/04 12:59,2025/12/05 18:00:00,,OCUPADO/ n quer nada,
Facebook / Insta,Não Atendeu,"4/12/2025, 12:42:10",Geral,Jane Doe,351999111222,9 às 13h,janedoe@gmail.com,12/04 12:45,12/05 12:32,,Ligar amanha/ N atendeu,
Facebook / Insta,Perdida,"4/12/2025, 14:24:35",Harmonização,Jane Doe,351999111222,14 às 18h,janedoe@gmail.com,12/04 12:57,,,De PORTIMÃO,
Facebook / Insta,Não Atendeu,"4/12/2025, 14:31:49",Geral,Jane Doe,351999111222,13 às 14h,janedoe@gmail.com,2025/12/05 13:00:00,,,n atendeu,
Facebook / Insta,Marcada,"4/12/2025, 19:11:13",Implantes,Jane Doe,351999111222,18 às 20h,janedoe@gmail.com,12/04 19:19,,,"está em Vila do conde, mas vai estar em lisboa dia 18. MArcação para 18/12 12h.",6295
Facebook / Insta,Não Atendeu,"4/12/2025, 22:39:11",Geral,Jane Doe,351999111222,14 às 18h,janedoe@gmail.com,12/05 12:29,12/05 17:45,,n atendeu,
Facebook / Insta,Marcada,"4/12/2025, 22:41:57",Geral,Jane Doe,351999111222,9 às 13h,janedoe@gmail.com,2025/12/05 12:00:00,,,marcação 18/12 18:30,1654
Google / Site,Email,"4/12/2025, 22:43:15",Geral,Jane Doe,351999111222,9 às 13h,janedoe@gmail.com,,,,,
Facebook / Insta,Não Atendeu,"5/12/2025, 00:07:29",Implantes,Jane Doe,351999111222,9 às 13h,janedoe@gmail.com,12/05 11:50,,,n atendeu,
Facebook / Insta,Não Atendeu,"5/12/2025, 10:16:12",Geral,Jane Doe,351999111222,13 às 14h,janedoe@gmail.com,12/05 13:45,,,tlm desligado,
Facebook / Insta,Paciente,"5/12/2025, 11:54:44",Implantes,Jane Doe,351999111222,13 às 14h,janedoe@gmail.com,2025/12/05 13:40:00,,,"ja tinha enviado lead, na altura enviei sms, agora enviei por whathapp",
Google / Site,Email,"5/12/2025, 12:33:16",Geral,Jane Doe,351999111222,13 às 14h,janedoe@gmail.com,,,,Contacto imcompleto e n encontrei no face,
Facebook / Insta,Não Atendeu,"5/12/2025, 13:25:45",Geral,Jane Doe,351999111222,14 às 18h,janedoe@gmail.com,12/05 17:45,,,n atendeu,
Facebook / Insta,Não Atendeu,"5/12/2025, 16:27:39",Geral,Jane Doe,351999111222,9 às 13h,janedoe@gmail.com,2025/12/05 13:00:00,,,N ATENDEU,
Facebook / Insta,Pendente,"5/12/2025, 18:51:20",Geral,Jane Doe,351999111222,14 às 18h,janedoe@gmail.com,,,,,
Facebook / Insta,Pendente,"5/12/2025, 19:39:30",Implantes,Jane Doe,351999111222,9 às 13h,janedoe@gmail.com,,,,,
Google / Site,Pendente,"5/12/2025, 21:15:45",Geral,Jane Doe,351999111222,9 às 13h,janedoe@gmail.com,,,,,
Facebook / Insta,Não Atendeu,"6/12/2025, 05:57:46",Geral,Jane Doe,351999111222,18 às 20h,janedoe@gmail.com,2025/12/09 18:00:00,,,tlm desl,
Facebook / Insta,Pendente,"6/12/2025, 12:43:55",Implantes,Jane Doe,351999111222,9 às 13h,janedoe@gmail.com,,,,,
Facebook / Insta,Pendente,"06/12/2025, 12:54:37",Geral,Jane Doe,351999111222,13 às 14h,janedoe@gmail.com,,,,,
Facebook / Insta,Pendente,"07/12/2025, 00:08:26",Geral,Jane Doe,351999111222,9 às 13h,janedoe@gmail.com,,,,,
Facebook / Insta,Pendente,"07/12/2025, 08:52:52",Geral,Jane Doe,351999111222,13 às 14h,janedoe@gmail.com,,,,,
Facebook / Insta,Email,"07/12/2025, 09:10:47",Geral,Jane Doe,351999111222,18 às 20h,janedoe@gmail.com,,,,,
Facebook / Insta,Pendente,"07/12/2025, 10:18:19",Geral,Jane Doe,351999111222,14 às 18h,janedoe@gmail.com,,,,,
Facebook / Insta,Pendente,"07/12/2025, 10:47:05",Geral,Jane Doe,351999111222,13 às 14h,janedoe@gmail.com,,,,,
Facebook / Insta,Marcada,"07/12/2025, 11:03:14",Geral,Jane Doe,351999111222,14 às 18h,janedoe@gmail.com,12/09 16:30,,,Marcação 16/12 11h,6526
Google / Site,Email,"07/12/2025, 11:04:20",Geral,Jane Doe,351999111222,18 às 20h,janedoe@gmail.com,,,,,
Facebook / Insta,Pendente,"07/12/2025, 11:16:17",Geral,Jane Doe,351999111222,13 às 14h,janedoe@gmail.com,,,,,
Facebook / Insta,Não Atendeu,"07/12/2025, 12:12:30",Geral,Jane Doe,351999111222,13 às 14h,janedoe@gmail.com,12/09 16:30,,,N atendeu,
Facebook / Insta,Não Atendeu,"07/12/2025, 13:26:46",Geral,Jane Doe,351999111222,9 às 13h,janedoe@gmail.com,12/09 16:30,,,deixou em espera,
Facebook / Insta,Pendente,"07/12/2025, 13:47:38",Implantes,Jane Doe,351999111222,18 às 20h,janedoe@gmail.com,,,,,
Facebook / Insta,Pendente,"07/12/2025, 13:57:58",Geral,Jane Doe,351999111222,18 às 20h,janedoe@gmail.com,,,,,
Facebook / Insta,Marcada,"07/12/2025, 17:16:18",Geral,Jane Doe,351999111222,14 às 18h,janedoe@gmail.com,12/09 16:30,,,MAracção 16/12  15h,2410
Facebook / Insta,Perdida,"07/12/2025, 23:01:44",Implantes,Jane Doe,351999111222,9 às 13h,janedoe@gmail.com,2025/12/09 16:00:00,,,engano n quer nada,
Facebook / Insta,Não Atendeu,"07/12/2025, 23:17:53",Geral,Jane Doe,351999111222,9 às 13h,janedoe@gmail.com,2025/12/09 16:00:00,,,N atendeu,
Facebook / Insta,Não Atendeu,"08/12/2025, 00:14:59",Geral,Jane Doe,351999111222,13 às 14h,janedoe@gmail.com,2025/12/09 16:00:00,,,N atendeu,
Facebook / Insta,Não Atendeu,"08/12/2025, 09:09:57",Implantes,Jane Doe,351999111222,9 às 13h,janedoe@gmail.com,2025/12/09 16:00:00,,,Ocupado,
Facebook / Insta,Não Atendeu,"08/12/2025, 09:15:01",Geral,Jane Doe,351999111222,18 às 20h,janedoe@gmail.com,12/09 18:30,,,n atendeu,
Facebook / Insta,Não Atendeu,"08/12/2025, 16:07:28",Geral,Jane Doe,351999111222,9 às 13h,janedoe@gmail.com,2025/12/09 16:00:00,,,n atendeu,
Facebook / Insta,Marcada,"08/12/2025, 19:25:03",Geral,Jane Doe,351999111222,9 às 13h,janedoe@gmail.com,2025/12/09 16:00:00,,,Marcação 11/12 10:30,3126
Facebook / Insta,Não Atendeu,"09/12/2025, 10:22:54",Implantes,Jane Doe,351999111222,9 às 13h,janedoe@gmail.com,2025/12/09 13:00:00,,,Impedido,
Facebook / Insta,Não Atendeu,"09/12/2025, 21:15:58",Geral,Jane Doe,351999111222,18 às 20h,janedoe@gmail.com,2025/12/10 19:00:00,,,ligar amanha,
Facebook / Insta,Não Atendeu,"09/12/2025, 21:33:00",Geral,Jane Doe,351999111222,14 às 18h,janedoe@gmail.com,2025/12/10 18:00:00,,,ocupado,
Facebook / Insta,Não Atendeu,"10/12/2025, 00:30:30",Geral,Jane Doe,351999111222,9 às 13h,janedoe@gmail.com,2025/12/10 19:00:00,,,tlm desligado.,
Facebook / Insta,Não Atendeu,"10/12/2025, 06:52:17",Implantes,Jane Doe,351999111222,14 às 18h,janedoe@gmail.com,12/10 17:50,,,rejeitou a chamada,
Facebook / Insta,Perdida,"10/12/2025, 09:34:06",Geral,Jane Doe,351999111222,9 às 13h,janedoe@gmail.com,12/10 12:20:00,,,"Tlm desligado, já tinha enviado 2 x sempre desligado´~",
Google / Site,Não Atendeu,"10/12/2025, 11:05:39",Geral,Jane Doe,351999111222,9 às 13h,janedoe@gmail.com,2025/12/10 18:00:00,2025/12/16 11:50:00,,n atendeu/ n atendeu,
Facebook / Insta,Não Atendeu,"10/12/2025, 16:23:04",Implantes,Jane Doe,351999111222,9 às 13h,janedoe@gmail.com,12/10 12:15,,,N atendeu,
Facebook / Insta,Perdida,"10/12/2025, 17:48:51",Geral,Jane Doe,351999111222,9 às 13h,janedoe@gmail.com,2025/12/10 12:00:00,12/10 18:53,,"n ATENDEU/ africana, quer facetas resina, mas so em Fev, vai agora para a terra.",
Facebook / Insta,Marcada,"10/12/2025, 19:20:39",Implantes,Jane Doe,351999111222,9 às 13h,janedoe@gmail.com,12/11 12:50,,,mARCAÇÃO 19/12  11:30,9865
Google / Site,Marcada,"10/12/2025, 19:22:37",Geral,Jane Doe,351999111222,9 às 13h,janedoe@gmail.com,12/11 12:50,,,mARCAÇÃO 19/12  11:30,3914
Facebook / Insta,Perdida,"10/12/2025, 19:46:25",Geral,Jane Doe,351999111222,14 às 18h,janedoe@gmail.com,2025/12/11 17:00:00,2025/12/15 18:00:00,2025/12/16 12:00:00,"n atendeu/ Ligar amanha periodo da manha/ Liguei atendeu n falou, voltei a ligar e n atendeu",
Facebook / Insta,Perdida,"10/12/2025, 21:21:30",Implantes,Jane Doe,351999111222,18 às 20h,janedoe@gmail.com,2025/12/11 18:30:00,2025/12/15 18:00:00,,"N atendeu/ Quer financiar com a clinica, n quer financeira. Queimado.",
Facebook / Insta,Perdida,"10/12/2025, 21:41:23",Implantes,Jane Doe,351999111222,18 às 20h,janedoe@gmail.com,12/11 18:30,,,diz q somos de mto longe,
Facebook / Insta,Perdida,"11/12/2025, 11:46:26",Implantes,Jane Doe,351999111222,18 às 20h,janedoe@gmail.com,12/11 18:30,2025/12/15 18:30:00,2025/12/16 18:30:00,N atendeu/ Ligar amanha 18h agora está np banho/ Esposa enviou pelo marido mas ele n quer nada,
Facebook / Insta,Não Atendeu,"11/12/2025, 20:09:13",Implantes,Jane Doe,351999111222,14 às 18h,janedoe@gmail.com,2025/12/12 17:00:00,,,N atendeu,
Facebook / Insta,Não Atendeu,"11/12/2025, 20:24:36",Geral,Jane Doe,351999111222,9 às 13h,janedoe@gmail.com,2025/12/12 16:00:00,,,desligado,
Facebook / Insta,Andamento,"12/12/2025, 09:10:45",Implantes,Jane Doe,351999111222,9 às 13h,janedoe@gmail.com,12/12 16:30,,,"Anda a saber preços de hibridas, dei +- 5,5k. ficou de ligar a agendar. falei de plano de pagamentos. interessado.",
Google / Site,Marcada,"12/12/2025, 11:49:22",Geral,Jane Doe,351999111222,14 às 18h,janedoe@gmail.com,12/12 16:30,,,Marcação 23/12 12:30,4883
Facebook / Insta,Não Atendeu,"12/12/2025, 12:09:24",Geral,Jane Doe,351999111222,9 às 13h,janedoe@gmail.com,2025/12/12 16:00:00,,,tlm desligado,
Facebook / Insta,Pendente,"12/12/2025, 17:34:38",Implantes,Jane Doe,351999111222,14 às 18h,janedoe@gmail.com,,,,,
Facebook / Insta,Marcada,"12/12/2025, 19:15:30",Geral,Jane Doe,351999111222,14 às 18h,janedoe@gmail.com,2025/12/15 17:00:00,,,Marcação 22/12 12h,3633
Facebook / Insta,Não Atendeu,"12/12/2025, 21:21:06",Geral,Jane Doe,351999111222,18 às 20h,janedoe@gmail.com,2025/12/15 19:00:00,2025/12/16 18:30:00,,Não atendeu/ N atendeu,
Facebook / Insta,Pendente,"12/12/2025, 21:40:05",Geral,Jane Doe,351999111222,13 às 14h,janedoe@gmail.com,2025/12/16 13:12:00,,,,
Facebook / Insta,Não Atendeu,"13/12/2025, 00:54:20",Implantes,Jane Doe,351999111222,9 às 13h,janedoe@gmail.com,2025/12/16 12:00:00,,,n atendeu,
Facebook / Insta,Andamento,"13/12/2025, 01:18:17",Geral,Jane Doe,351999111222,18 às 20h,janedoe@gmail.com,2025/12/15 19:00:00,,,Está engripada ligar para a asemana,
Facebook / Insta,Perdida,"13/12/2025, 05:31:55",Geral,Jane Doe,351999111222,18 às 20h,janedoe@gmail.com,2025/12/15 08:59:00,,,"indiano, n fala portugues, dp liga a agendar, tem periodontite.",
Facebook / Insta,Não Atendeu,"13/12/2025, 18:37:41",Geral,Jane Doe,351999111222,9 às 13h,janedoe@gmail.com,2025/12/16 12:00:00,,,N atendeu,
Facebook / Insta,Marcada,"13/12/2025, 20:23:22",Geral,Jane Doe,351999111222,18 às 20h,janedoe@gmail.com,2025/12/15 18:30:00,,,MArcação 18/12  14:30,3253
Facebook / Insta,Marcada,"13/12/2025, 22:07:26",Geral,Jane Doe,351999111222,9 às 13h,janedoe@gmail.com,2025/12/16 12:30:00,,,Marcação 18/12 17h,9478
Facebook / Insta,Perdida,"14/12/2025, 00:51:57",Geral,Jane Doe,351999111222,14 às 18h,janedoe@gmail.com,2025/12/15 14:00:00,,,"Da amadora diz q é mto longe, quer mais perto",
Facebook / Insta,Não Atendeu,"14/12/2025, 09:47:23",Geral,Jane Doe,351999111222,14 às 18h,janedoe@gmail.com,2025/12/15 17:00:00,,,Nao atendeu,
Facebook / Insta,Não Atendeu,"14/12/2025, 12:04:14",Geral,Jane Doe,351999111222,13 às 14h,janedoe@gmail.com,2025/12/15 14:00:00,2025/12/16 13:11:00,,Vai falar com a esposa/ Não atendeu,
Facebook / Insta,Email,"14/12/2025, 13:27:47",Geral,Jane Doe,351999111222,18 às 20h,janedoe@gmail.com,,,,sem contacto,
Facebook / Insta,Não Atendeu,"14/12/2025, 15:27:14",Geral,Jane Doe,351999111222,9 às 13h,janedoe@gmail.com,2025/12/15 12:10:00,2025/12/16 12:50:00,,Tlm desligado/ N atendeu,
Facebook / Insta,Não Atendeu,"14/12/2025, 18:21:00",Geral,Jane Doe,351999111222,9 às 13h,janedoe@gmail.com,2025/12/15 12:10:00,2025/12/16 12:52:00,,Não atendeu/ Ocupado,
Facebook / Insta,Marcada,"14/12/2025, 19:02:01",Implantes,Jane Doe,351999111222,9 às 13h,janedoe@gmail.com,2025/12/15 12:10:00,2025/12/16 12:50:00,,Ligar amanha/ Marcação 22/12 15h,3808
Facebook / Insta,Perdida,"14/12/2025, 22:57:25",Geral,Jane Doe,351999111222,14 às 18h,janedoe@gmail.com,2025/12/15 17:50:00,,,"Ocupado/ Trabalha no hospital da luz, diz q foi engano.",
Facebook / Insta,Marcada,"15/12/2025, 08:08:58",Geral,Jane Doe,351999111222,14 às 18h,janedoe@gmail.com,2025/12/15 16:00:00,2025/12/16 18:00:00,,Não atendeu/ So quer dentista brasielira e so pode segundas e sextas marquei  para Bia em janeiro,6584
Facebook / Insta,Marcada,"15/12/2025, 14:16:41",Implantes,Jane Doe,351999111222,9 às 13h,janedoe@gmail.com,2025/12/15 12:00:00,2025/12/16 12:57:00,,n atendeu/ Marcação 19/12 15:30,5057
Facebook / Insta,Perdida,"15/12/2025, 22:08:38",Implantes,Jane Doe,351999111222,13 às 14h,janedoe@gmail.com,2025/12/16 13:00:00,,,"Da Ilha de São Miguel, Anda a saber preços. 6500 para protocolo está fora de questão.",
Google / Site,Email,"15/12/2025, 22:09:30",Geral,Jane Doe,351999111222,13 às 14h,janedoe@gmail.com,2025/12/18 12:00:00,,,sem contacto,
Facebook / Insta,Pendente,"16/12/2025, 16:42:32",Geral,Jane Doe,351999111222,9 às 13h,janedoe@gmail.com,,,,,
Facebook / Insta,Perdida,"16/12/2025, 18:37:22",Implantes,Jane Doe,351999111222,9 às 13h,janedoe@gmail.com,2025/12/18 12:00:00,,,"Já tinha aparecido, diz q n envia nada, 2 vez",
Facebook / Insta,Perdida,"16/12/2025, 21:56:57",Geral,Jane Doe,351999111222,9 às 13h,janedoe@gmail.com,2025/12/18 12:00:00,,,"Da Amadora, e que clinica na Amadora.",
Facebook / Insta,Pendente,"17/12/2025, 03:10:38",Geral,Jane Doe,351999111222,14 às 18h,janedoe@gmail.com,,,,,
Facebook / Insta,Andamento,"17/12/2025, 03:41:45",Geral,Jane Doe,351999111222,9 às 13h,janedoe@gmail.com,2025/12/18 12:00:00,,,"Quer fazer furo no dente para tirar raiz, perguntou valor disse +- qto ficaria, e dp disse q marcava",
Facebook / Insta,Não Atendeu,"17/12/2025, 10:12:13",Implantes,Jane Doe,351999111222,13 às 14h,janedoe@gmail.com,2025/12/18 13:30:00,,,Nao atendeu,
Facebook / Insta,Pendente,"17/12/2025, 22:58:53",Geral,Jane Doe,351999111222,18 às 20h,janedoe@gmail.com,,,,,
Facebook / Insta,Andamento,"17/12/2025, 23:54:05",Geral,Jane Doe,351999111222,9 às 13h,janedoe@gmail.com,2025/12/18 11:30:00,,,"quer fazer dest e rest, vai ligar a dizer se pode vir terça feira. ",
Facebook / Insta,Marcada,"18/12/2025, 00:05:01",Implantes,Jane Doe,351999111222,13 às 14h,janedoe@gmail.com,2025/12/18 13:30:00,,,N atende/ Marcação 22/12 11:30,8313
Google / Site,Email,"18/12/2025, 00:05:23",Geral,Jane Doe,351999111222,9 às 13h,janedoe@gmail.com,,,,sem contacto,
Facebook / Insta,Não Atendeu,"18/12/2025, 00:54:42",Implantes,Jane Doe,351999111222,18 às 20h,janedoe@gmail.com,2025/12/22 18:00:00,,,TLM DESLIGADO,
Facebook / Insta,Pendente,"18/12/2025, 00:58:22",Implantes,Jane Doe,351999111222,14 às 18h,janedoe@gmail.com,,,,,
Facebook / Insta,Marcada,"18/12/2025, 12:57:10",Geral,Jane Doe,351999111222,18 às 20h,janedoe@gmail.com,2025/12/22 18:30:00,,,mARCAÇÃO 06/01 - 18H,1960
Facebook / Insta,Não Atendeu,"19/12/2025, 18:38:21",Geral,Jane Doe,351999111222,18 às 20h,janedoe@gmail.com,2025/12/22 19:00:00,,,N ATENDEU,
Facebook / Insta,Pendente,"19/12/2025, 19:36:00",Implantes,Jane Doe,351999111222,9 às 13h,janedoe@gmail.com,,,,,
Facebook / Insta,Perdida,"19/12/2025, 22:37:56",Geral,Jane Doe,351999111222,18 às 20h,janedoe@gmail.com,2025/12/22 18:00:00,,,DO PORTO,
Facebook / Insta,Pendente,"20/12/2025, 00:34:44",Geral,Jane Doe,351999111222,13 às 14h,janedoe@gmail.com,,,,,
Facebook / Insta,Pendente,"20/12/2025, 16:46:48",Geral,Jane Doe,351999111222,13 às 14h,janedoe@gmail.com,,,,,
Facebook / Insta,Não Atendeu,"20/12/2025, 19:42:51",Geral,Jane Doe,351999111222,13 às 14h,janedoe@gmail.com,2025/12/22 13:30:00,,,a trabalhar ligar amanaha,
Facebook / Insta,Perdida,"20/12/2025, 20:17:27",Implantes,Jane Doe,351999111222,18 às 20h,janedoe@gmail.com,2025/12/22 19:00:00,,,"PERGUNTOU PREÇO DE IMPLANTE, DISSE +- 1000€, DIZ Q É MTO CARO, FORA DE QUESTÃO, TEM ORÇAMENTOS MAIS BARATOS.",
Google / Site,Email,"20/12/2025, 20:17:52",Geral,Jane Doe,351999111222,9 às 13h,janedoe@gmail.com,2025/12/22 19:00:00,,,"sem contacto, tem outro pedido, anterior a contactar",
Facebook / Insta,Pendente,"20/12/2025, 22:12:33",Geral,Jane Doe,351999111222,14 às 18h,janedoe@gmail.com,,,,,
Facebook / Insta,Pendente,"21/12/2025, 06:52:31",Implantes,Jane Doe,351999111222,13 às 14h,janedoe@gmail.com,,,,,
Facebook / Insta,Perdida,"21/12/2025, 11:34:49",Geral,Jane Doe,351999111222,9 às 13h,janedoe@gmail.com,2025/12/22 11:45:00,,,desligou qd me identifiquei e dp n atendeu mais,
Facebook / Insta,Pendente,"21/12/2025, 14:51:28",Implantes,Jane Doe,351999111222,14 às 18h,janedoe@gmail.com,,,,,
Facebook / Insta,Pendente,"21/12/2025, 16:52:43",Geral,Jane Doe,351999111222,14 às 18h,janedoe@gmail.com,,,,,
Facebook / Insta,Perdida,"21/12/2025, 18:40:41",Implantes,Jane Doe,351999111222,18 às 20h,janedoe@gmail.com,2025/12/22 19:00:00,,,"N ATENDEU/ DA MARGEM SUL, DIZ Q É LONGE. ",
Facebook / Insta,Não Atendeu,"21/12/2025, 23:25:52",Geral,Jane Doe,351999111222,9 às 13h,janedoe@gmail.com,2025/12/22 11:40:00,,,N atendeu,
Facebook / Insta,Pendente,"22/12/2025, 00:12:57",Geral,Jane Doe,351999111222,13 às 14h,janedoe@gmail.com,,,,,
Facebook / Insta,Perdida,"22/12/2025, 01:20:14",Geral,Jane Doe,351999111222,18 às 20h,janedoe@gmail.com,2025/12/22 19:00:00,,,LISBON APARTMENTS - DESLIGOU,
Facebook / Insta,Não Atendeu,"22/12/2025, 08:00:29",Geral,Jane Doe,351999111222,9 às 13h,janedoe@gmail.com,2025/12/22 11:30:00,,,Tlm desligado,
Facebook / Insta,Não Atendeu,"22/12/2025, 08:29:15",Geral,Jane Doe,351999111222,14 às 18h,janedoe@gmail.com,2025/12/22 18:00:00,,,ligar amanha,
Facebook / Insta,Não Atendeu,"22/12/2025, 15:36:37",Geral,Jane Doe,351999111222,14 às 18h,janedoe@gmail.com,2025/12/22 17:00:00,,,nao atendeu,
Facebook / Insta,Não Atendeu,"22/12/2025, 19:10:36",Geral,Jane Doe,351999111222,13 às 14h,janedoe@gmail.com,2025/12/22 16:00:00,,,NÃO ATENDEU,
Facebook / Insta,Perdida,"23/12/2025, 04:23:37",Geral,Jane Doe,351999111222,13 às 14h,janedoe@gmail.com,2026/1/15 13:00:00,,,TRABALHA DE SEG A SEX - QUE CLINICA ABERTA AO SABADO.,
Facebook / Insta,Não Atendeu,"23/12/2025, 15:55:42",Implantes,Jane Doe,351999111222,18 às 20h,janedoe@gmail.com,2026/1/15 13:00:00,,,ligar amanha pois já sabe qd regressa a portugal/ N ATENDEU,
Facebook / Insta,Perdida,"23/12/2025, 21:50:01",Geral,Jane Doe,351999111222,14 às 18h,janedoe@gmail.com,2026/1/15 13:00:00,,,"N FALA PROTUGUES, NEM INGLES. DESLIGOU",
Facebook / Insta,Não Atendeu,"24/12/2025, 01:26:07",Implantes,Jane Doe,351999111222,13 às 14h,janedoe@gmail.com,2026/1/15 13:30:00,,,N ATENDEU,
Facebook / Insta,Não Atendeu,"24/12/2025, 06:27:01",Implantes,Jane Doe,351999111222,13 às 14h,janedoe@gmail.com,2026/1/15 13:30:00,,,TLM DESLIGADO,
Facebook / Insta,Andamento,"24/12/2025, 17:04:15",Geral,Jane Doe,351999111222,9 às 13h,janedoe@gmail.com,2026/01/15 13:30:00,,,FEZ  BICHECTOMIA RECENTEMENTE E PRETENDE AGORA LIMPEZA. VAI LIGAR A MARCAR. NO PROXIMO MES.,
Facebook / Insta,Não Atendeu,"25/12/2025, 08:31:49",Geral,Jane Doe,351999111222,9 às 13h,janedoe@gmail.com,2026/01/15 13:30:00,,,TLM DESLIGADO,
Facebook / Insta,Não Atendeu,"25/12/2025, 08:53:34",Implantes,Jane Doe,351999111222,9 às 13h,janedoe@gmail.com,2026/01/15 13:30:00,,,TLM DESLIGADO,
Facebook / Insta,Não Atendeu,"25/12/2025, 23:43:07",Geral,Jane Doe,351999111222,9 às 13h,janedoe@gmail.com,2026/01/15 13:30:00,,,"ATENDEU O FILHO, DIZ Q PAI ESTÁ NO WC, JÁ LIGA.",
Facebook / Insta,Perdida,"26/12/2025, 18:59:20",Geral,Jane Doe,351999111222,18 às 20h,janedoe@gmail.com,2026/01/15 14:20:00,,,DESLIGOU A CHAMADA,
Facebook / Insta,Não Atendeu,"26/12/2025, 22:18:07",Geral,Jane Doe,351999111222,13 às 14h,janedoe@gmail.com,2026/01/15 14:00:00,,,OCUPADO,
Facebook / Insta,Perdida,"27/12/2025, 01:22:18",Geral,Jane Doe,351999111222,14 às 18h,janedoe@gmail.com,,,,,
Google / Site,Não Atendeu,"27/12/2025, 12:49:03",Geral,Jane Doe,351999111222,9 às 13h,janedoe@gmail.com,2026/01/15 13:00:00,,,TLM DESLIGADO,
Facebook / Insta,Não Atendeu,"27/12/2025, 13:38:15",Geral,Jane Doe,351999111222,14 às 18h,janedoe@gmail.com,2026/01/15 14:30:00,,,TLM DESLIGADO,
Google / Site,Email,"27/12/2025, 13:39:11",Geral,Jane Doe,351999111222,13 às 14h,janedoe@gmail.com,2026/01/15 14:30:00,,,enviei email,
Facebook / Insta,Não Atendeu,"27/12/2025, 16:54:01",Geral,Jane Doe,351999111222,14 às 18h,janedoe@gmail.com,2026/01/15 14:40:00,,,n atendeu,
Facebook / Insta,Perdida,"27/12/2025, 19:03:57",Implantes,Jane Doe,351999111222,18 às 20h,janedoe@gmail.com,2026/01/15 14:44:00,,,"diz q n foi ele, ja recebeu diversas chamadas, mas n foi eel",
Facebook / Insta,Não Atendeu,"27/12/2025, 22:47:47",Implantes,Jane Doe,351999111222,14 às 18h,janedoe@gmail.com,2026/01/15 14:45:00,,,N atendeu,
Facebook / Insta,Pendente,"28/12/2025, 12:36:09",Geral,Jane Doe,351999111222,13 às 14h,janedoe@gmail.com,,,,,
Google / Site,Pendente,"28/12/2025, 12:37:20",Geral,Jane Doe,351999111222,13 às 14h,janedoe@gmail.com,,,,,
Facebook / Insta,Pendente,"28/12/2025, 14:08:57",Implantes,Jane Doe,351999111222,14 às 18h,janedoe@gmail.com,,,,,
Facebook / Insta,Pendente,"28/12/2025, 15:46:47",Geral,Jane Doe,351999111222,18 às 20h,janedoe@gmail.com,,,,,
Facebook / Insta,Pendente,"28/12/2025, 17:21:00",Geral,Jane Doe,351999111222,9 às 13h,janedoe@gmail.com,,,,,
Facebook / Insta,Pendente,"28/12/2025, 18:08:17",Geral,Jane Doe,351999111222,13 às 14h,janedoe@gmail.com,,,,,
Facebook / Insta,Pendente,"28/12/2025, 18:38:58",Geral,Jane Doe,351999111222,9 às 13h,janedoe@gmail.com,,,,,
Facebook / Insta,Pendente,"28/12/2025, 19:50:13",Geral,Jane Doe,351999111222,14 às 18h,janedoe@gmail.com,,,,,
Facebook / Insta,Não Atendeu,"28/12/2025, 20:40:05",Geral,Jane Doe,351999111222,14 às 18h,janedoe@gmail.com,2025/12/29 18:00:00,,,N atendeu,
Google / Site,Marcada,"28/12/2025, 21:24:45",Geral,Jane Doe,351999111222,9 às 13h,janedoe@gmail.com,2025/12/29 18:00:00,,,MArcação 09/01  16:30,3155
Facebook / Insta,Marcada,"29/12/2025, 06:58:31",Geral,Jane Doe,351999111222,13 às 14h,janedoe@gmail.com,2025/12/29 17:00:00,,,Marcação 08/01/2026 - 16h,8775
Facebook / Insta,Marcada,"29/12/2025, 09:13:08",Implantes,Jane Doe,351999111222,9 às 13h,janedoe@gmail.com,2025/12/29 17:00:00,2025/12/29 18:00:00,,n atendeu/ Marcação 06/01  10:30,9204
Facebook / Insta,Não Atendeu,"29/12/2025, 10:09:00",Geral,Jane Doe,351999111222,9 às 13h,janedoe@gmail.com,2025/12/29 17:00:00,,,N atendeu,
Facebook / Insta,Não Atendeu,"29/12/2025, 13:35:45",Geral,Jane Doe,351999111222,14 às 18h,janedoe@gmail.com,2025/12/29 17:00:00,,,n atendeu,
Facebook / Insta,Perdida,"29/12/2025, 13:54:37",Geral,Jane Doe,351999111222,14 às 18h,janedoe@gmail.com,2025/12/29 17:00:00,,,Queria saber preço de facetas em resina. ficou dp de marcar avaliação. bras.,
Facebook / Insta,Marcada,"29/12/2025, 16:41:12",Implantes,Jane Doe,351999111222,14 às 18h,janedoe@gmail.com,2025/12/29 17:00:00,,,Marcação 08/01/2026 - 16h,1523
Facebook / Insta,Pendente,"29/12/2025, 21:30:43",Geral,Jane Doe,351999111222,18 às 20h,janedoe@gmail.com,,,,,
Facebook / Insta,Pendente,"29/12/2025, 22:57:45",Implantes,Jane Doe,351999111222,9 às 13h,janedoe@gmail.com,,,,,
Facebook / Insta,Pendente,"30/12/2025, 16:47:55",Geral,Jane Doe,351999111222,14 às 18h,janedoe@gmail.com,,,,,
Facebook / Insta,Pendente,"30/12/2025, 20:18:11",Geral,Jane Doe,351999111222,18 às 20h,janedoe@gmail.com,,,,,
Facebook / Insta,Pendente,"30/12/2025, 21:39:09",Geral,Jane Doe,351999111222,9 às 13h,janedoe@gmail.com,,,,,
Google / Site,Pendente,"30/12/2025, 21:40:41",Geral,Jane Doe,351999111222,9 às 13h,janedoe@gmail.com,,,,,
Facebook / Insta,Pendente,"31/12/2025, 05:36:18",Geral,Jane Doe,351999111222,14 às 18h,janedoe@gmail.com,,,,,
Facebook / Insta,Não Atendeu,"31/12/2025, 09:55:30",Geral,Jane Doe,351999111222,14 às 18h,janedoe@gmail.com,2026/1/14 17:00:00,,,n atendeu,
Facebook / Insta,Pendente,"31/12/2025, 10:05:56",Geral,Jane Doe,351999111222,9 às 13h,janedoe@gmail.com,,,,,
Facebook / Insta,Não Atendeu,"31/12/2025, 14:45:09",Implantes,Jane Doe,351999111222,9 às 13h,janedoe@gmail.com,2026/1/14 12:00:00,,,N ATENDEU,
Facebook / Insta,Andamento,"31/12/2025, 16:28:03",Implantes,Jane Doe,351999111222,18 às 20h,janedoe@gmail.com,2026/1/7 18:00:00,,,"FICOU COM O NUMERO, VAI DP LIGAR A MARCAR",
Facebook / Insta,Não Atendeu,"31/12/2025, 17:17:02",Implantes,Jane Doe,351999111222,13 às 14h,janedoe@gmail.com,2026/1/7 18:00:00,,,N ATENDEU,
Facebook / Insta,Perdida,"31/12/2025, 20:06:22",Geral,Jane Doe,351999111222,18 às 20h,janedoe@gmail.com,2026/1/7 18:00:00,,,"AFRICANA, QUER COM ACORDO SORRISO MAIS.",
Facebook / Insta,Perdida,"31/12/2025, 22:32:01",Geral,Jane Doe,351999111222,14 às 18h,janedoe@gmail.com,2026/1/7 18:00:00,,,AFRICANO ESTAVA SO A VER NUMERO PARA ARRANCAR DENTE,
Facebook / Insta,Não Atendeu,"31/12/2025, 23:27:56",Geral,Jane Doe,351999111222,18 às 20h,janedoe@gmail.com,2026/1/7 18:00:00,,,TLM DESLIGADO,
Google / Site,Pendente,"31/12/2025, 23:28:39",Geral,Jane Doe,351999111222,9 às 13h,janedoe@gmail.com,,,,,
Facebook / Insta,Perdida,"25/11/2025, 08:04:36",Harmonização,Jane Doe,351999111222,18 às 20h,janedoe@gmail.com,2025/11/25 17:30:00,,,DO ALGARVE,
Facebook / Insta,Perdida,"25/11/2025, 08:53:00",Geral,Jane Doe,351999111222,9 às 13h,janedoe@gmail.com,2025/11/25 17:37:00,,,DO ALGARVE,
Facebook / Insta,Perdida,"25/11/2025, 10:57:04",Harmonização,Jane Doe,351999111222,14 às 18h,janedoe@gmail.com,2025/11/25 17:39:00,,,DOIDO,
Facebook / Insta,Não Atendeu,"25/11/2025, 12:30:08",Geral,Jane Doe,351999111222,18 às 20h,janedoe@gmail.com,2025/11/25 17:40:00,2025/11/27 18:00:00,,vai ligar de volta/ n atendeu,
Facebook / Insta,Não Atendeu,"25/11/2025, 14:16:40",Geral,Jane Doe,351999111222,13 às 14h,janedoe@gmail.com,2025/11/25 17:43:00,,,n atendeu,
Facebook / Insta,Não Atendeu,"25/11/2025, 15:14:50",Harmonização,Jane Doe,351999111222,18 às 20h,janedoe@gmail.com,2025/11/25 17:46:00,,,n atendeu,
Facebook / Insta,Não Atendeu,"25/11/2025, 15:15:46",Geral,Jane Doe,351999111222,13 às 14h,janedoe@gmail.com,2025/11/25 14:45:00,,,Tlm desl,
Facebook / Insta,Perdida,"25/11/2025, 17:13:22",Geral,Jane Doe,351999111222,14 às 18h,janedoe@gmail.com,2025/11/25 14:46:00,,,de gaia,
Facebook / Insta,Email,"25/11/2025, 17:37:17",Harmonização,Jane Doe,351999111222,9 às 13h,janedoe@gmail.com,,,,"perda, num errado",
Facebook / Insta,Perdida,"25/11/2025, 17:48:54",Harmonização,Jane Doe,351999111222,14 às 18h,janedoe@gmail.com,2025/11/26 16:00:00,,,De longe.,
Facebook / Insta,Perdida,"25/11/2025, 19:19:14",Implantes,Jane Doe,351999111222,14 às 18h,janedoe@gmail.com,2025/11/26 18:00:00,,,"QUER SABER VALOR DE PROTOCOLO, DISSE 5K, REPONDEU QUE É MTO CARO TEM 3 MAIS BARATOS.",
Facebook / Insta,Não Atendeu,"25/11/2025, 21:13:36",Harmonização,Jane Doe,351999111222,13 às 14h,janedoe@gmail.com,2025/11/26 18:00:00,,,LIGAR AMANHA,
Facebook / Insta,Perdida,"26/11/2025, 01:23:31",Harmonização,Jane Doe,351999111222,13 às 14h,janedoe@gmail.com,2025/11/26 18:00:00,,,"DESLIGOU QD ME IDENTIFIQUEI. VOLTEI A LIGAR, N ATENDEU.",
Facebook / Insta,Não Atendeu,"26/11/2025, 04:16:18",Implantes,Jane Doe,351999111222,13 às 14h,janedoe@gmail.com,2025/11/26 18:00:00,,,N ATENDEU,
Facebook / Insta,Andamento,"26/11/2025, 10:33:33",Harmonização,Jane Doe,351999111222,9 às 13h,janedoe@gmail.com,2025/11/26 18:00:00,,,"QUER SABER VALORES, N DEI DISSE QUE DEPENDIA DA AVALIAÇÃO, TIPO DE TRATAMENTO E QUANTIDADES. DIZ Q DP MARCA.",
Facebook / Insta,Perdida,"26/11/2025, 17:57:41",Harmonização,Jane Doe,351999111222,14 às 18h,janedoe@gmail.com,2025/11/27 18:43:00,,,do Porto,
Facebook / Insta,Não Atendeu,"26/11/2025, 22:02:43",Harmonização,Jane Doe,351999111222,14 às 18h,janedoe@gmail.com,2025/11/27 18:30:00,,,n atendeu,
Facebook / Insta,Email,"26/11/2025, 23:36:56",Geral,Jane Doe,351999111222,14 às 18h,janedoe@gmail.com,,,,sem contacto valido,
Facebook / Insta,Marcada,"27/11/2025, 06:34:22",Harmonização,Jane Doe,351999111222,14 às 18h,janedoe@gmail.com,2025/11/28 18:00:00,,,Para hibridas. marcado 02/12 15h.,6729
Facebook / Insta,Não Atendeu,"27/11/2025, 09:15:20",Geral,Jane Doe,351999111222,14 às 18h,janedoe@gmail.com,2025/11/28 17:50:00,,,n atendeu,
Facebook / Insta,Não Atendeu,"27/11/2025, 15:37:44",Harmonização,Jane Doe,351999111222,9 às 13h,janedoe@gmail.com,2025/11/28 17:50:00,,,n atendeu,
Facebook / Insta,Não Atendeu,"27/11/2025, 16:04:18",Harmonização,Jane Doe,351999111222,13 às 14h,janedoe@gmail.com,2025/11/28 17:50:00,,,n atendeu,
Facebook / Insta,Email,"27/11/2025, 16:09:58",Harmonização,Jane Doe,351999111222,14 às 18h,janedoe@gmail.com,2025/11/28 17:50:00,,,Numero n atribuido,
Facebook / Insta,Não Atendeu,"27/11/2025, 18:15:42",Geral,Jane Doe,351999111222,9 às 13h,janedoe@gmail.com,2025/12/2 17:30:00,,,tlm desligado,
Facebook / Insta,Não Atendeu,"27/11/2025, 19:38:14",Harmonização,Jane Doe,351999111222,14 às 18h,janedoe@gmail.com,2025/12/02 18:00:00,,,ligar amanha,
Facebook / Insta,Marcada,"27/11/2025, 22:15:44",Geral,Jane Doe,351999111222,9 às 13h,janedoe@gmail.com,2025/12/02 12:18:00,,,"Marcação, 02/12 17,30",8976
Facebook / Insta,Não Atendeu,"27/11/2025, 22:17:29",Harmonização,Jane Doe,351999111222,14 às 18h,janedoe@gmail.com,2025/12/02 17:00:00,,,n atendeu,
Facebook / Insta,Marcada,"28/11/2025, 09:49:14",Geral,Jane Doe,351999111222,18 às 20h,janedoe@gmail.com,2025/11/28 18:00:00,,,MArcação 04/12 18h,2039
Facebook / Insta,Não Atendeu,"28/11/2025, 11:02:59",Harmonização,Jane Doe,351999111222,14 às 18h,janedoe@gmail.com,2025/11/28 18:00:00,,,n atendeu,
Facebook / Insta,Não Atendeu,"28/11/2025, 15:55:43",Harmonização,Jane Doe,351999111222,14 às 18h,janedoe@gmail.com,2025/11/28 18:00:00,,,n atendeu,
Facebook / Insta,Marcada,"28/11/2025, 16:53:45",Harmonização,Jane Doe,351999111222,9 às 13h,janedoe@gmail.com,12/02 12:30,,,MArcação 05/12 - 17h - N er harmonização,3778
Facebook / Insta,Não Atendeu,"28/11/2025, 19:59:21",Geral,Jane Doe,351999111222,18 às 20h,janedoe@gmail.com,2025/12/02 18:30:00,,,tlm desligado,
Facebook / Insta,Email,"28/11/2025, 20:37:52",Geral,Jane Doe,351999111222,13 às 14h,janedoe@gmail.com,,,,sem contacto.,
Facebook / Insta,Perdida,"28/11/2025, 22:07:49",Harmonização,Jane Doe,351999111222,9 às 13h,janedoe@gmail.com,12/02 12:26,,,"ocupado/ retribuiu a chamada e qd me identifiquei desligou. voltei a ligar, n atendeu.",
Facebook / Insta,Não Atendeu,"29/11/2025, 01:20:47",Geral,Jane Doe,351999111222,9 às 13h,janedoe@gmail.com,12/02 12:26,,,n atendeu,
Facebook / Insta,Perdida,"29/11/2025, 16:30:30",Geral,Jane Doe,351999111222,13 às 14h,janedoe@gmail.com,12/02 13:30,,,"DESLIGOU QD ME IDENTIFIQUEI, N VOLTOU A ATENDER",
Facebook / Insta,Não Atendeu,"29/11/2025, 18:40:56",Harmonização,Jane Doe,351999111222,18 às 20h,janedoe@gmail.com,2025/12/02 18:36:00,,,tlm desligado,
Facebook / Insta,Não Atendeu,"29/11/2025, 21:01:20",Geral,Jane Doe,351999111222,18 às 20h,janedoe@gmail.com,2025/12/02 18:37:00,,,N atendeu,
Facebook / Insta,Perdida,"30/11/2025, 01:01:37",Harmonização,Jane Doe,351999111222,18 às 20h,janedoe@gmail.com,2025/12/02 18:39:00,,,desligou qd me identifiquei e n voltou a atender,
Facebook / Insta,Perdida,"30/11/2025, 14:04:24",Harmonização,Jane Doe,351999111222,13 às 14h,janedoe@gmail.com,12/02 12:26,2025/12/02 13:40:00,,n atendeu/ SEGUNDO CONTACTO ATENDEU E DESLIGOU QD ME IDENTIFIQUEI. N ATENDEU NOVAMENTE,
Facebook / Insta,Pendente,"30/11/2025, 14:33:17",Harmonização,Jane Doe,351999111222,14 às 18h,janedoe@gmail.com,,,,,
Facebook / Insta,Andamento,"30/11/2025, 14:46:45",Harmonização,Jane Doe,351999111222,13 às 14h,janedoe@gmail.com,2025/12/02 14:00:00,,,pediu para ligar a 22 ou 23 Dez a marcar para jan,
Facebook / Insta,Pendente,"30/11/2025, 17:02:52",Harmonização,Jane Doe,351999111222,18 às 20h,janedoe@gmail.com,,,,,
Facebook / Insta,Marcada,"30/11/2025, 19:20:35",Harmonização,Jane Doe,351999111222,13 às 14h,janedoe@gmail.com,2025/12/02 14:00:00,2025/12/02 16:00:00,,n atendeu/ Marcação 04/12 16h - implantes.,622
Facebook / Insta,Não Atendeu,"30/11/2025, 20:13:47",Harmonização,Jane Doe,351999111222,13 às 14h,janedoe@gmail.com,12/02 13:50,,,n atendeu,
Facebook / Insta,Pendente,"30/11/2025, 21:08:44",Harmonização,Jane Doe,351999111222,18 às 20h,janedoe@gmail.com,,,,,
Google / Site,Não Atendeu,"02/12/2025, 06:13:18",Geral,Jane Doe,351999111222,9 às 13h,janedoe@gmail.com,12/02 12:31,,,n atendeu,
